date,count,moving_avg,day_of_year,year
2008-06-02,138309,59523.78571428572,154,2008
2008-06-10,148665,93670.78571428571,162,2008
2008-06-11,189909,104281.57142857143,163,2008
2008-06-27,169100,60846.57142857143,179,2008
2008-07-02,164737,81461.5,184,2008
2008-07-03,148482,91931.14285714286,185,2008
2008-07-11,136332,78275.64285714286,193,2008
2008-07-13,159189,92451.85714285714,195,2008
2008-08-01,147234,76117.71428571429,214,2008
2008-08-08,137698,88644.85714285714,221,2008
2008-08-15,304439,74565.57142857143,228,2008
2008-09-12,181984,53364.57142857143,256,2008
2008-09-14,225834,70232.78571428571,258,2008
2009-05-25,152097,67604.35714285714,145,2009
2009-05-26,170683,76639.5,146,2009
2009-06-20,147590,43807.357142857145,171,2009
2009-06-21,145600,51830.57142857143,172,2009
2009-06-25,193349,67311.57142857143,176,2009
2009-06-26,185495,79796.07142857143,177,2009
2009-06-29,149970,100087.5,180,2009
2009-06-30,226660,114645.92857142857,181,2009
2009-07-01,260497,131944.42857142858,182,2009
2009-07-02,277513,148248.85714285713,183,2009
2009-07-03,216778,160806.07142857142,184,2009
2009-07-04,183045,163338.57142857142,185,2009
2009-07-05,162285,164530.35714285713,186,2009
2009-07-06,149622,170436.2142857143,187,2009
2009-07-07,220283,178526.14285714287,188,2009
2009-07-08,139780,182145.57142857142,189,2009
2009-07-17,146608,107318.92857142857,198,2009
2009-07-18,228346,110554.71428571429,199,2009
2009-08-03,197885,56798.0,215,2009
2009-08-04,149926,63177.5,216,2009
2009-09-14,233315,60855.28571428572,257,2009
2009-09-15,158669,68198.5,258,2009
2009-09-16,156923,77686.64285714286,259,2009
2009-10-01,198396,87882.57142857143,274,2009
2010-06-11,142683,57812.0,162,2010
2010-06-14,178793,69589.0,165,2010
2010-06-16,143469,82669.14285714286,167,2010
2010-06-18,188097,94175.0,169,2010
2010-06-19,166584,103016.28571428571,170,2010
2010-07-02,148524,66689.5,183,2010
2010-07-03,173924,67213.78571428571,184,2010
2010-07-12,236114,94503.85714285714,193,2010
2010-07-17,311574,101503.64285714286,198,2010
2010-07-18,249170,111155.0,199,2010
2010-07-22,179843,124305.64285714286,203,2010
2010-07-23,166433,135184.57142857142,204,2010
2010-07-24,276835,147580.2142857143,205,2010
2010-08-03,138454,107966.42857142857,215,2010
2010-08-06,302422,110636.28571428571,218,2010
2010-08-13,279251,108946.42857142857,225,2010
2010-08-14,181314,117448.28571428571,226,2010
2010-08-15,286713,131166.92857142858,227,2010
2010-08-16,146605,136419.35714285713,228,2010
2011-05-20,147538,39333.0,140,2011
2011-05-21,138039,47048.857142857145,141,2011
2011-05-22,139535,56589.857142857145,142,2011
2011-06-01,154137,105126.71428571429,152,2011
2011-06-04,179035,105105.92857142857,155,2011
2011-06-05,212345,110306.64285714286,156,2011
2011-06-06,229623,117430.14285714286,157,2011
2011-06-07,169563,123636.85714285714,158,2011
2011-06-08,247546,134852.57142857142,159,2011
2011-06-22,142054,51797.142857142855,173,2011
2011-07-10,176904,72288.0,191,2011
2011-07-11,161288,80314.5,192,2011
2011-07-19,173447,98047.35714285714,200,2011
2011-07-20,277282,116833.42857142857,201,2011
2011-08-24,270345,71965.42857142857,236,2011
2011-08-26,194545,90110.42857142857,238,2011
2011-09-19,203516,51060.92857142857,262,2011
2011-09-20,155851,58585.21428571428,263,2011
2012-06-18,136593,42840.57142857143,170,2012
2012-06-29,155415,71012.85714285714,181,2012
2012-07-01,203145,92171.92857142857,183,2012
2012-07-03,210635,100798.35714285714,185,2012
2012-07-05,192200,103464.0,187,2012
2012-07-06,238934,115389.85714285714,188,2012
2012-07-07,197449,126064.21428571429,189,2012
2012-07-23,146962,38817.57142857143,205,2012
2012-07-27,159097,51973.28571428572,209,2012
2012-07-28,140428,60278.57142857143,210,2012
2012-07-29,176992,70354.92857142857,211,2012
2012-08-05,140232,105108.85714285714,218,2012
2012-08-06,152794,105525.42857142857,219,2012
2012-08-20,146932,32264.071428571428,233,2012
2012-08-22,145795,46554.57142857143,235,2012
2012-08-31,176381,75423.78571428571,244,2012
2012-09-13,144768,75566.57142857143,257,2012
2012-09-14,165069,74758.57142857143,258,2012
2012-10-12,204577,37886.5,286,2012
2012-10-13,232071,50716.92857142857,287,2012
2012-10-14,170783,58356.71428571428,288,2012
2012-10-15,165900,68626.14285714286,289,2012
2013-06-18,137756,62156.0,169,2013
2013-06-19,213774,73989.07142857143,170,2013
2013-06-20,228031,84425.57142857143,171,2013
2013-06-21,181007,90211.78571428571,172,2013
2013-06-22,163904,96162.14285714286,173,2013
2013-06-23,135911,98473.5,174,2013
2013-07-23,136392,75339.35714285714,204,2013
2013-07-27,192524,80348.85714285714,208,2013
2013-07-29,247821,100990.64285714286,210,2013
2013-08-06,185004,103489.14285714286,218,2013
2013-08-08,153346,112987.35714285714,220,2013
2013-08-09,215398,120075.14285714286,221,2013
2013-08-10,165540,118147.71428571429,222,2013
2013-08-25,169204,64646.57142857143,237,2013
2013-08-27,197960,83281.28571428571,239,2013
2013-08-28,143733,89830.21428571429,240,2013
2014-06-09,168322,47800.78571428572,160,2014
2014-06-10,149538,49449.71428571428,161,2014
2014-06-11,194508,59616.21428571428,162,2014
2014-06-14,176453,79781.64285714286,165,2014
2014-06-15,205278,93783.92857142857,166,2014
2014-06-16,163470,104946.28571428571,167,2014
2014-06-23,153088,120834.5,174,2014
2014-06-24,174897,122645.85714285714,175,2014
2014-07-07,218576,88955.92857142857,188,2014
2014-07-08,274317,96057.35714285714,189,2014
2014-07-18,141930,118794.14285714286,199,2014
2014-07-20,156716,129732.14285714286,201,2014
2014-07-21,175484,126654.14285714286,202,2014
2014-07-22,156773,118258.14285714286,203,2014
2014-07-25,158566,121106.28571428571,206,2014
2014-07-26,202480,130581.92857142857,207,2014
2014-07-27,270154,141904.5,208,2014
2014-07-28,192079,149781.7857142857,209,2014
2014-07-30,241051,159917.57142857142,211,2014
2014-07-31,226000,166808.57142857142,212,2014
2014-08-02,158811,168086.64285714287,214,2014
2014-08-03,326631,180223.42857142858,215,2014
2014-08-05,169284,178007.64285714287,217,2014
2014-08-08,159035,179684.42857142858,220,2014
2014-08-23,143305,58668.642857142855,235,2014
2014-09-01,195281,49595.857142857145,244,2014
2014-09-11,240511,86504.64285714286,254,2014
2014-09-19,156640,114099.07142857143,262,2014
2014-09-20,187704,120880.57142857143,263,2014
2014-10-05,142542,70200.92857142857,278,2014
2014-10-06,144414,72362.64285714286,279,2014
2015-06-08,142488,54747.57142857143,159,2015
2015-06-09,148347,61330.42857142857,160,2015
2015-06-10,153700,71273.5,161,2015
2015-06-11,141852,80331.14285714286,162,2015
2015-06-12,170570,90547.42857142857,163,2015
2015-06-13,182361,101952.0,164,2015
2015-06-14,205007,115032.21428571429,165,2015
2015-07-05,174128,51497.642857142855,186,2015
2015-07-08,219106,69186.64285714286,189,2015
2015-07-18,159246,69751.71428571429,199,2015
2015-07-19,163250,68974.71428571429,200,2015
2015-07-22,140487,65449.21428571428,203,2015
2015-07-23,238071,81255.71428571429,204,2015
2015-07-24,185781,90431.57142857143,205,2015
2015-07-25,261227,108719.57142857143,206,2015
2015-07-31,214677,124883.42857142857,212,2015
2015-08-08,205970,91849.57142857143,220,2015
2015-08-09,144432,98280.07142857143,221,2015
2015-08-10,271129,116924.07142857143,222,2015
2015-08-11,271554,134949.14285714287,223,2015
2015-08-12,186154,146817.7857142857,224,2015
2015-08-13,158284,150734.57142857142,225,2015
2015-08-14,147417,145930.2857142857,226,2015
2015-08-15,225776,154904.35714285713,227,2015
2015-08-16,229788,165507.35714285713,228,2015
2015-09-04,164226,69060.5,247,2015
2015-09-09,175560,74080.0,252,2015
2015-09-20,175277,60150.57142857143,263,2015
2016-05-30,169607,51026.642857142855,151,2016
2016-06-05,144349,81069.42857142857,157,2016
2016-06-23,142828,67532.85714285714,175,2016
2016-06-24,194050,76233.07142857143,176,2016
2016-06-25,283448,94619.57142857143,177,2016
2016-06-26,192454,102939.5,178,2016
2016-07-11,169599,68618.35714285714,193,2016
2016-07-13,148098,82309.42857142857,195,2016
2016-07-22,156295,75337.78571428571,204,2016
2016-07-25,169544,81377.64285714286,207,2016
2016-07-27,145458,81586.0,209,2016
2016-07-28,139615,84779.14285714286,210,2016
2016-07-31,151026,94361.85714285714,213,2016
2016-08-28,142529,61725.42857142857,241,2016
2016-09-14,179843,70284.0,258,2016
2016-10-07,148188,38016.857142857145,281,2016
2016-10-14,152200,55195.92857142857,288,2016
2017-05-23,140772,46578.357142857145,143,2017
2017-05-30,179461,66917.42857142857,150,2017
2017-06-06,146512,93445.64285714286,157,2017
2017-06-22,212249,62335.92857142857,173,2017
2017-06-25,263647,88080.71428571429,176,2017
2017-06-28,231209,104775.57142857143,179,2017
2017-06-29,154157,109318.42857142857,180,2017
2017-07-07,160132,95604.71428571429,188,2017
2017-07-10,178230,96271.5,191,2017
2017-07-11,148362,99032.92857142857,192,2017
2017-07-19,156232,101313.07142857143,200,2017
2017-07-21,142332,99893.78571428571,202,2017
2017-07-24,221469,104679.14285714286,205,2017
2017-08-06,199065,85681.64285714286,218,2017
2017-08-10,284891,88714.21428571429,222,2017
2017-08-11,157148,98161.85714285714,223,2017
2017-08-12,145526,106227.57142857143,224,2017
2017-09-01,145353,56859.71428571428,244,2017
2018-04-30,150849,38765.21428571428,120,2018
2018-05-27,135643,75177.07142857143,147,2018
2018-05-28,152510,81950.35714285714,148,2018
2018-05-29,186573,91529.14285714286,149,2018
2018-05-30,149574,99699.92857142857,150,2018
2018-05-31,163781,108991.21428571429,151,2018
2018-06-01,161229,117956.85714285714,152,2018
2018-06-02,155580,125820.57142857143,153,2018
2018-06-05,150459,135897.07142857142,156,2018
2018-06-07,148863,139812.85714285713,158,2018
2018-06-08,275853,152526.07142857142,159,2018
2018-06-09,239062,162171.42857142858,160,2018
2018-06-11,142707,159912.2857142857,162,2018
2018-06-12,170336,158752.5,163,2018
2018-06-13,206902,162847.35714285713,164,2018
2018-06-21,144946,128412.64285714286,172,2018
2018-07-16,192923,75169.0,197,2018
2018-07-27,137931,80901.35714285714,208,2018
2018-07-29,176732,91607.92857142857,210,2018
2018-08-01,155095,96468.71428571429,213,2018
2018-08-04,158808,108284.92857142857,216,2018
2018-08-05,162524,115138.71428571429,217,2018
2018-08-07,142709,127125.28571428571,219,2018
2018-08-09,264251,141916.0,221,2018
2018-08-10,147313,142586.14285714287,222,2018
2018-08-14,286726,149290.0,226,2018
2018-08-17,146371,149170.92857142858,229,2018
2018-08-19,161739,146086.64285714287,231,2018
2018-08-20,198408,152896.57142857142,232,2018
2018-08-21,184460,155878.7857142857,233,2018
2018-08-22,173859,159386.07142857142,234,2018
2018-08-23,247742,158206.85714285713,235,2018
2018-08-24,234639,164444.42857142858,236,2018
2018-08-25,162809,168361.92857142858,237,2018
2018-09-01,156091,134947.07142857142,244,2018
2019-06-11,159639,49384.142857142855,162,2019
2019-06-12,135649,56938.357142857145,163,2019
2019-06-13,170497,68970.78571428571,164,2019
2019-06-15,198679,85251.07142857143,166,2019
2019-06-16,149458,92691.35714285714,167,2019
2019-06-19,176657,104748.07142857143,170,2019
2019-07-07,153748,60896.0,188,2019
2019-07-09,148931,73003.85714285714,190,2019
2019-07-10,144831,80914.57142857143,191,2019
2019-07-26,140430,57597.42857142857,207,2019
2019-07-27,230198,65134.92857142857,208,2019
2019-07-28,163111,74347.5,209,2019
2019-08-02,145022,87635.92857142857,214,2019
2019-08-26,141475,62182.71428571428,238,2019
2019-08-27,185813,66552.5,239,2019
2019-08-28,218952,78663.14285714286,240,2019
2019-09-01,240791,115980.78571428571,244,2019
2019-09-02,167801,126570.92857142857,245,2019
2019-09-10,185359,119074.5,253,2019
2019-09-19,187127,77034.35714285714,262,2019
2020-06-07,137179,40130.42857142857,159,2020
2020-06-13,139495,65578.07142857143,165,2020
2020-06-26,187718,65412.0,178,2020
2020-07-24,165639,50784.357142857145,206,2020
2020-08-04,182111,76554.57142857143,217,2020
2020-08-14,139331,103555.78571428571,227,2020
2020-08-15,152588,108220.71428571429,228,2020
2020-08-17,184954,118697.64285714286,230,2020
2020-08-29,205666,76544.07142857143,242,2020
2021-06-20,136367,68272.14285714286,171,2021
2021-06-24,149749,86111.28571428571,175,2021
2021-07-08,137323,54671.21428571428,189,2021
2021-07-09,197198,62557.92857142857,190,2021
2021-07-14,151852,72857.92857142857,195,2021
2021-07-15,140961,77551.85714285714,196,2021
2021-07-18,139843,99453.57142857143,199,2021
2021-07-26,163428,95335.92857142857,207,2021
2021-10-05,196855,51581.92857142857,278,2021
2022-08-12,167793,53829.142857142855,224,2022
2022-08-14,171876,66413.64285714286,226,2022
2022-08-20,159517,108947.0,232,2022
2022-08-23,146362,116199.14285714286,235,2022
2022-08-28,150928,115434.21428571429,240,2022
2022-09-08,150568,97911.28571428571,251,2022
2023-06-22,143972,66102.5,173,2023
2023-06-23,189115,75758.07142857143,174,2023
2023-07-21,152358,66203.14285714286,202,2023
2023-08-05,194161,59371.28571428572,217,2023
2023-08-24,168633,62336.642857142855,236,2023
2023-08-26,138610,77798.35714285714,238,2023
2023-08-27,144228,85874.92857142857,239,2023
2023-08-29,150515,94934.78571428571,241,2023
